{"chunk_definitions":[{"row":21,"row_count":1,"visible":true,"expansion_state":0,"options":{"engine":"r","message":false,"warning":false,"label":"unnamed-chunk-68","dev":"png"},"document_id":"7645CD49","chunk_id":"c41ck3049mce5","chunk_label":"unnamed-chunk-1"},{"row":58,"row_count":1,"visible":true,"expansion_state":0,"options":{"engine":"r","label":"unnamed-chunk-69","dev":"png"},"document_id":"7645CD49","chunk_id":"cq902jgi3fll1","chunk_label":"unnamed-chunk-2"},{"row":63,"row_count":1,"visible":true,"expansion_state":0,"options":{"engine":"r","label":"unnamed-chunk-70","dev":"png"},"document_id":"7645CD49","chunk_id":"c5dkpc6ouffim","chunk_label":"unnamed-chunk-3"},{"row":69,"row_count":1,"visible":true,"expansion_state":0,"options":{"engine":"r","label":"unnamed-chunk-71","dev":"png"},"document_id":"7645CD49","chunk_id":"ckikb9qpci8y2","chunk_label":"unnamed-chunk-4"},{"row":87,"row_count":1,"visible":true,"expansion_state":0,"options":{"engine":"r","label":"unnamed-chunk-72","dev":"png"},"document_id":"7645CD49","chunk_id":"cgre05lzdcdau","chunk_label":"unnamed-chunk-5"},{"row":93,"row_count":1,"visible":true,"expansion_state":0,"options":{"engine":"r","label":"unnamed-chunk-73","dev":"png"},"document_id":"7645CD49","chunk_id":"c4wy3ddmjzr40","chunk_label":"unnamed-chunk-6"},{"row":99,"row_count":1,"visible":true,"expansion_state":0,"options":{"engine":"r","label":"unnamed-chunk-74","dev":"png"},"document_id":"7645CD49","chunk_id":"chsq6i6waj86w","chunk_label":"unnamed-chunk-7"},{"row":104,"row_count":1,"visible":true,"expansion_state":0,"options":{"engine":"r","label":"unnamed-chunk-75","dev":"png"},"document_id":"7645CD49","chunk_id":"cb4clt4bbqt27","chunk_label":"unnamed-chunk-8"},{"row":110,"row_count":1,"visible":true,"expansion_state":0,"options":{"engine":"r","label":"unnamed-chunk-76","dev":"png"},"document_id":"7645CD49","chunk_id":"cuvh41b4gmjr7","chunk_label":"unnamed-chunk-9"},{"row":118,"row_count":1,"visible":true,"expansion_state":0,"options":{"engine":"r","label":"unnamed-chunk-77","dev":"png"},"document_id":"7645CD49","chunk_id":"czpzfiksqq5fk","chunk_label":"unnamed-chunk-10"},{"row":124,"row_count":1,"visible":true,"expansion_state":0,"options":{"engine":"r","label":"unnamed-chunk-78","dev":"png"},"document_id":"7645CD49","chunk_id":"cwnalwqn9fk11","chunk_label":"unnamed-chunk-11"},{"row":138,"row_count":1,"visible":true,"expansion_state":0,"options":{"engine":"r","label":"unnamed-chunk-89","dev":"png"},"document_id":"7645CD49","chunk_id":"cdycmuwxeaqmy","chunk_label":"unnamed-chunk-12"},{"row":143,"row_count":1,"visible":true,"expansion_state":0,"options":{"engine":"r","label":"unnamed-chunk-80","dev":"png"},"document_id":"7645CD49","chunk_id":"cbulvdjhoj2jg","chunk_label":"unnamed-chunk-13"},{"row":148,"row_count":1,"visible":true,"expansion_state":0,"options":{"engine":"r","label":"unnamed-chunk-81","dev":"png"},"document_id":"7645CD49","chunk_id":"cpfd0y7o5iwjr","chunk_label":"unnamed-chunk-14"},{"row":163,"row_count":1,"visible":true,"expansion_state":0,"options":{"engine":"r","label":"unnamed-chunk-82","dev":"png"},"document_id":"7645CD49","chunk_id":"c41he421dnvuv","chunk_label":"unnamed-chunk-15"},{"row":183,"row_count":1,"visible":true,"expansion_state":0,"options":{"engine":"r","label":"unnamed-chunk-83","dev":"png"},"document_id":"7645CD49","chunk_id":"c8hotot1orewj","chunk_label":"unnamed-chunk-16"},{"row":213,"row_count":1,"visible":true,"expansion_state":0,"options":{"engine":"r","label":"unnamed-chunk-84","dev":"png"},"document_id":"7645CD49","chunk_id":"crekyi7axtu3u","chunk_label":"unnamed-chunk-17"},{"row":232,"row_count":1,"visible":true,"expansion_state":0,"options":{"engine":"r","label":"unnamed-chunk-85","dev":"png"},"document_id":"7645CD49","chunk_id":"csqr00100ptop","chunk_label":"unnamed-chunk-18"},{"row":254,"row_count":1,"visible":true,"expansion_state":0,"options":{"engine":"r","label":"unnamed-chunk-86","dev":"png"},"document_id":"7645CD49","chunk_id":"cu0yrxwec1h2y","chunk_label":"unnamed-chunk-19"},{"row":274,"row_count":1,"visible":true,"expansion_state":0,"options":{"engine":"r","label":"unnamed-chunk-87","dev":"png"},"document_id":"7645CD49","chunk_id":"ckt7kinohcs6y","chunk_label":"unnamed-chunk-20"},{"row":294,"row_count":1,"visible":true,"expansion_state":0,"options":{"engine":"r","label":"unnamed-chunk-88","dev":"png"},"document_id":"7645CD49","chunk_id":"cc5aawcwhcuxt","chunk_label":"unnamed-chunk-21"}],"doc_write_time":1717832423,"chunk_rendered_width":700}