{"chunk_definitions":[{"row":157,"row_count":1,"visible":true,"expansion_state":0,"options":{"engine":"r","label":"unnamed-chunk-28","dev":"png"},"document_id":"7645CD49","chunk_id":"c9gt9fybmerib","chunk_label":"unnamed-chunk-15"},{"row":170,"row_count":1,"visible":true,"expansion_state":0,"options":{"engine":"r","label":"unnamed-chunk-29","dev":"png"},"document_id":"7645CD49","chunk_id":"cnv5997vqcekv","chunk_label":"unnamed-chunk-16"},{"row":182,"row_count":1,"visible":true,"expansion_state":0,"options":{"engine":"r","label":"unnamed-chunk-30","dev":"png"},"document_id":"7645CD49","chunk_id":"c773tkgfi4ltb","chunk_label":"unnamed-chunk-17"},{"row":194,"row_count":1,"visible":true,"expansion_state":0,"options":{"engine":"r","label":"unnamed-chunk-31","dev":"png"},"document_id":"7645CD49","chunk_id":"c0juvq4blhrei","chunk_label":"unnamed-chunk-18"},{"row":207,"row_count":1,"visible":true,"expansion_state":0,"options":{"engine":"r","label":"unnamed-chunk-32","dev":"png"},"document_id":"7645CD49","chunk_id":"c2h7e8z15gaeq","chunk_label":"unnamed-chunk-19"},{"row":219,"row_count":1,"visible":true,"expansion_state":0,"options":{"engine":"r","label":"unnamed-chunk-27","dev":"png"},"document_id":"7645CD49","chunk_id":"cbxng860yrge8","chunk_label":"unnamed-chunk-20"}],"doc_write_time":1717605112,"chunk_rendered_width":700}