{"chunk_definitions":[{"row":14,"row_count":1,"visible":true,"expansion_state":0,"options":{"engine":"r","message":false,"warning":false,"label":"unnamed-chunk-9","dev":"png"},"document_id":"45437A68","chunk_id":"cdfe4zsdsfhfm","chunk_label":"unnamed-chunk-1"},{"row":49,"row_count":1,"visible":true,"expansion_state":0,"options":{"engine":"r","label":"unnamed-chunk-39","dev":"png"},"document_id":"45437A68","chunk_id":"cphvgwem717y9","chunk_label":"unnamed-chunk-2"},{"row":54,"row_count":1,"visible":true,"expansion_state":0,"options":{"engine":"r","label":"unnamed-chunk-11","dev":"png"},"document_id":"45437A68","chunk_id":"cx6xi1yo9m5ej","chunk_label":"unnamed-chunk-3"},{"row":61,"row_count":1,"visible":true,"expansion_state":0,"options":{"engine":"r","label":"unnamed-chunk-12","dev":"png"},"document_id":"45437A68","chunk_id":"cwyr613rr5pei","chunk_label":"unnamed-chunk-4"},{"row":81,"row_count":1,"visible":true,"expansion_state":0,"options":{"engine":"r","label":"unnamed-chunk-40","dev":"png"},"document_id":"45437A68","chunk_id":"c79v5px54mrg6","chunk_label":"unnamed-chunk-5"},{"row":87,"row_count":1,"visible":true,"expansion_state":0,"options":{"engine":"r","label":"unnamed-chunk-25","dev":"png"},"document_id":"45437A68","chunk_id":"cwa98kwnvjpn5","chunk_label":"unnamed-chunk-6"},{"row":93,"row_count":1,"visible":true,"expansion_state":0,"options":{"engine":"r","label":"unnamed-chunk-27","dev":"png"},"document_id":"45437A68","chunk_id":"cdq5z232lpz6t","chunk_label":"unnamed-chunk-7"},{"row":98,"row_count":1,"visible":true,"expansion_state":0,"options":{"engine":"r","label":"unnamed-chunk-41","dev":"png"},"document_id":"45437A68","chunk_id":"clvexlcin2jwt","chunk_label":"unnamed-chunk-8"},{"row":104,"row_count":1,"visible":true,"expansion_state":0,"options":{"engine":"r","label":"unnamed-chunk-32","dev":"png"},"document_id":"45437A68","chunk_id":"c5kfe09iddkfr","chunk_label":"unnamed-chunk-9"},{"row":116,"row_count":1,"visible":true,"expansion_state":0,"options":{"engine":"r","label":"unnamed-chunk-42","dev":"png"},"document_id":"45437A68","chunk_id":"cy46fmwqahbbh","chunk_label":"unnamed-chunk-10"},{"row":122,"row_count":1,"visible":true,"expansion_state":0,"options":{"engine":"r","label":"unnamed-chunk-46","dev":"png"},"document_id":"45437A68","chunk_id":"cs8jscukx105f","chunk_label":"unnamed-chunk-11"},{"row":135,"row_count":1,"visible":true,"expansion_state":0,"options":{"engine":"r","label":"unnamed-chunk-47","dev":"png"},"document_id":"45437A68","chunk_id":"cupfau0ccdz7y","chunk_label":"unnamed-chunk-12"},{"row":140,"row_count":1,"visible":true,"expansion_state":0,"options":{"engine":"r","label":"unnamed-chunk-50","dev":"png"},"document_id":"45437A68","chunk_id":"cwuphguubuh7c","chunk_label":"unnamed-chunk-13"},{"row":144,"row_count":1,"visible":true,"expansion_state":0,"options":{"engine":"r","label":"unnamed-chunk-52","dev":"png"},"document_id":"45437A68","chunk_id":"cgtqgtg6klycc","chunk_label":"unnamed-chunk-14"}],"doc_write_time":1717557788}